{"pg_loss": -1659.6334228515625, "value_loss": 318384.46875, "mean_return": 0.703125, "Updates": 432, "_timestamp": 1683033036.4264581, "_runtime": 1743.2003200054169, "_step": 439}