{"pg_loss": 2693.475341796875, "value_loss": 23275.943359375, "mean_return": 0.3125, "Updates": 1, "_timestamp": 1683061113.27443, "_runtime": 9.163993120193481, "_step": 0}