{"pg_loss": 926.8011474609375, "value_loss": 23442.029296875, "mean_return": 0.84375, "Updates": 60, "_timestamp": 1682991608.931137, "_runtime": 230.76774215698242, "_step": 59, "_wandb": {"runtime": 233}}