{"pg_loss": 3901.7216796875, "value_loss": 65188.6015625, "mean_return": 0.640625, "Updates": 26, "_timestamp": 1683009208.270442, "_runtime": 100.76633810997009, "_step": 25, "_wandb": {"runtime": 102}}