{"Episode": 116, "Timesteps Played": 1, "Mean Loss": 0.0, "Mean Reward": 140.0, "_timestamp": 1683111233.73751, "_runtime": 32.35582995414734, "_step": 115, "_wandb": {"runtime": 32}}