{"pg_loss": 2233.792236328125, "value_loss": 16370.5888671875, "mean_return": 0.265625, "Updates": 4, "_timestamp": 1682991351.740546, "_runtime": 18.40443706512451, "_step": 3, "_wandb": {"runtime": 19}}