{"pg_loss": 2693.475341796875, "value_loss": 23275.943359375, "mean_return": 0.3125, "Updates": 1, "_timestamp": 1683061087.288125, "_runtime": 47.881964921951294, "_step": 0}