{"Episode": 282, "Timesteps Played": 193, "Mean Loss": 6.718051190821001, "Mean Reward": 0.7253886010362695, "_timestamp": 1683118937.070038, "_runtime": 238.46952199935913, "_step": 10, "_wandb": {"runtime": 239}}