{"pg_loss": 14727.53125, "value_loss": 2986361.25, "mean_return": 1.4458333253860474, "Updates": 1, "_timestamp": 1683173829.0028238, "_runtime": 32.49197292327881, "_step": 0, "_wandb": {"runtime": 54}}