{"pg_loss": -6424.7705078125, "value_loss": 160372.40625, "mean_return": 1.140625, "Updates": 2, "_timestamp": 1683009270.304689, "_runtime": 11.190484046936035, "_step": 1, "_wandb": {"runtime": 13}}