{"validation/mean_return": 184.0, "validation/std_return": 28.0, "_timestamp": 1683136387.765924, "_runtime": 13009.39182806015, "_step": 2319}