{"pg_loss": 116.77552795410156, "value_loss": 7718.13330078125, "mean_return": 0.3125, "Updates": 41, "_timestamp": 1683029824.306314, "_runtime": 168.63273310661316, "_step": 40, "_wandb": {"runtime": 170}}