{"pg_loss": 560.265869140625, "value_loss": 7656.65087890625, "mean_return": 1.087499976158142, "Updates": 1, "_timestamp": 1683298796.795307, "_runtime": 9.76853895187378, "_step": 0, "_wandb": {"runtime": 13}}