{"pg_loss": 2411.6142578125, "value_loss": 18009.744140625, "mean_return": 0.3125, "Updates": 1, "_timestamp": 1683052014.2728488, "_runtime": 10.164243936538696, "_step": 0, "_wandb": {"runtime": 9}}