{"pg_loss": 847.2936401367188, "value_loss": 169166.328125, "mean_return": 0.65625, "Updates": 366, "_timestamp": 1683002272.429107, "_runtime": 770.0904829502106, "_step": 365, "_wandb": {"runtime": 771}}