{"pg_loss": 1684.070556640625, "value_loss": 169168.09375, "mean_return": 0.96875, "Updates": 453, "_timestamp": 1682998304.539028, "_runtime": 949.4115188121796, "_step": 452, "_wandb": {"runtime": 950}}