{"Episode": 286, "Timesteps Played": 195, "Mean Loss": 5.575408214254257, "Mean Reward": 0.5128205128205128, "Target Updates": 0, "_timestamp": 1683119658.605168, "_runtime": 295.52178621292114, "_step": 14, "_wandb": {"runtime": 298}}