{"pg_loss": -817.0633544921875, "value_loss": 16327.806640625, "mean_return": 0.5625, "Updates": 50, "_timestamp": 1683009555.784412, "_runtime": 201.8857297897339, "_step": 49, "_wandb": {"runtime": 201}}