{"pg_loss": 2566.907470703125, "value_loss": 42373.453125, "mean_return": 0.46875, "Updates": 50, "_timestamp": 1683053142.352268, "_runtime": 305.2744929790497, "_step": 49, "_wandb": {"runtime": 305}}