{"pg_loss": 77.80411529541016, "value_loss": 11093.8203125, "mean_return": 0.453125, "Updates": 75, "_timestamp": 1682992281.473135, "_runtime": 284.69306206703186, "_step": 74, "_wandb": {"runtime": 287}}