{"validation/mean_return": 238.0, "validation/std_return": 46.647615158762406, "_timestamp": 1683123010.674814, "_runtime": 15.143976926803589, "_step": 3, "_wandb": {"runtime": 16}}